{"cameraMode":{"drawMode":0,"name":"Shaded","section":"Shading Mode"},"sceneLighting":false,"audioPlay":false,"sceneViewState":{"m_AlwaysRefresh":false,"showFog":true,"showSkybox":false,"showFlares":true,"showImageEffects":true,"showParticleSystems":true,"showVisualEffectGraphs":true,"m_FxEnabled":true},"in2DMode":false,"pivot":{"x":4.506587982177734,"y":0.0889984667301178,"z":4.995387077331543},"rotation":{"x":-0.009279335848987103,"y":-0.4678610861301422,"z":-0.004912988282740116,"w":0.8837384581565857},"size":2.443011522293091,"orthographic":true}