{"cameraMode":{"drawMode":0,"name":"Shaded","section":"Shading Mode"},"sceneLighting":false,"audioPlay":false,"sceneViewState":{"m_AlwaysRefresh":false,"showFog":true,"showSkybox":false,"showFlares":true,"showImageEffects":true,"showParticleSystems":true,"showVisualEffectGraphs":true,"m_FxEnabled":true},"in2DMode":false,"pivot":{"x":9.149999618530274,"y":0.8873682022094727,"z":6.744716167449951},"rotation":{"x":0.4349168539047241,"y":0.013506065122783184,"z":-0.0065231178887188438,"w":0.9003493189811707},"size":1.6326483488082886,"orthographic":false}