{"cameraMode":{"drawMode":0,"name":"Shaded","section":"Shading Mode"},"sceneLighting":false,"audioPlay":false,"sceneViewState":{"m_AlwaysRefresh":false,"showFog":true,"showSkybox":false,"showFlares":true,"showImageEffects":true,"showParticleSystems":true,"showVisualEffectGraphs":true,"m_FxEnabled":true},"in2DMode":false,"pivot":{"x":0.0009566545486450195,"y":0.5520312786102295,"z":-2.9802322387695315e-8},"rotation":{"x":0.158829003572464,"y":0.8365077972412109,"z":-0.41590484976768496,"w":0.31945353746414187},"size":0.881423830986023,"orthographic":false}