{"cameraMode":{"drawMode":0,"name":"Shaded","section":"Shading Mode"},"sceneLighting":true,"audioPlay":false,"sceneViewState":{"m_AlwaysRefresh":false,"showFog":true,"showSkybox":true,"showFlares":true,"showImageEffects":true,"showParticleSystems":true,"showVisualEffectGraphs":true,"m_FxEnabled":true},"in2DMode":false,"pivot":{"x":0.6484771370887756,"y":-15.974206924438477,"z":-2.3983688354492189},"rotation":{"x":0.02001293934881687,"y":-0.7561784386634827,"z":0.6536619663238525,"w":0.023151705041527749},"size":19.35282325744629,"orthographic":false}